Metric,Current_Value_2025,Unit,Source,Date_Referenced,Notes

Norwegian Market Size:
Population,5465000,people,SSB (Statistics Norway),2025-10-15,Total population
Cryptocurrency Users,273250,people,Nordic Crypto Survey,2025-10-15,5% adoption rate estimated
High Net Worth Individuals,45000,people,Finanstilsynet Report,2025-10-15,Assets > 10M NOK
Corporate Crypto Holdings,1200,companies,Norwegian Business Registry,2025-10-15,Companies with declared crypto

Market Opportunity - Norway:
Individual Wallet Recovery Market,136625000,NOK,Market Research Analysis,2025-10-15,500 NOK average per user
Corporate Recovery Market,720000000,NOK,Corporate Survey Data,2025-10-15,600k NOK average per company  
Legal Services Market,89500000,NOK,Legal Industry Report,2025-10-15,Court cases and evidence
Total Norwegian Market,946125000,NOK,Combined Analysis,2025-10-15,~85M USD equivalent

Regulatory Environment:
Financial Services License,Required,status,Finanstilsynet,2025-10-15,Payment services regulation - preliminary discussions initiated
Data Protection Compliance,GDPR + National,requirement,Datatilsynet,2025-10-15,Personal data handling
AML/KYC Requirements,Mandatory,compliance,Økokrim Guidelines,2025-10-15,Anti-money laundering - preliminary contact established
Cryptocurrency Recognition,Legal Property,status,Supreme Court 2024,2025-10-15,Legal precedent established
Regulatory Engagement,Active,status,Finanstilsynet + Økokrim,2025-10-15,Preliminary discussions and transparency established

Norwegian Crypto Statistics:
Bitcoin Holdings,28500,BTC,Blockchain Analysis,2025-10-15,Estimated Norwegian holdings
Bitcoin Value,1938000000,NOK,Market Calculation,2025-10-15,Current BTC price 680k NOK
Ethereum Holdings,185000,ETH,Blockchain Analysis,2025-10-15,Estimated Norwegian ETH
Ethereum Value,453750000,NOK,Market Calculation,2025-10-15,Current ETH price 2450 NOK
Lost Crypto Estimate,358275000,NOK,Industry Standard 15%,2025-10-15,15% loss rate applied

Norwegian Banking Integration:
DNB Crypto Services,Pilot Program,status,DNB Press Release,2025-10-15,Largest bank crypto pilot
Sparebank 1 Interest,Under Review,status,Financial News,2025-10-15,Second largest bank
Nordea Position,Conservative,stance,Public Statements,2025-10-15,Risk-averse approach
Government Backing,Supportive,policy,Ministry of Finance,2025-10-15,Innovation-friendly regulation

Professional Services Market:
Legal Firms with Crypto,25,firms,Advokatforeningen,2025-10-15,Specialized crypto legal services
Accounting Firms,45,firms,Industry Directory,2025-10-15,Crypto tax and accounting
Technical Consultants,120,individuals,LinkedIn Analysis,2025-10-15,Blockchain technical experts
Financial Advisors,180,advisors,Regulatory Database,2025-10-15,Crypto investment advisors

Competition Landscape Norway:
Direct Competitors,2,companies,Market Research,2025-10-15,Established wallet recovery
Indirect Competitors,8,companies,Market Analysis,2025-10-15,General crypto services
International Players,3,companies,Global Analysis,2025-10-15,International firms serving Norway
Market Gap Opportunity,High,assessment,Competitive Analysis,2025-10-15,Limited specialized services

Economic Indicators:
GDP per Capita,958000,NOK,SSB Statistics,2025-10-15,Among world's highest
Disposable Income,650000,NOK,SSB Household Survey,2025-10-15,Average household
Technology Adoption Rate,92%,percentage,Digital Norway Report,2025-10-15,High tech adoption
Financial Literacy Score,78,score_100,OECD Assessment,2025-10-15,Above average literacy

Growth Projections Norway:
Market Growth Rate,35%,annual,Industry Forecast,2025-10-15,2025-2030 projection
User Base Growth,28%,annual,Adoption Modeling,2025-10-15,New user acquisition
Revenue Opportunity,15000000,NOK_year_1,Conservative Model,2025-10-15,Norwegian market only
5-Year Revenue Potential,125000000,NOK,Cumulative Projection,2025-10-15,Base case scenario