Risk_Category,Risk_Factor,Probability,Impact,Risk_Score,Mitigation_Strategy,Cost_USD,Timeline_Months,Effectiveness_Percent

Regulatory Risks:
License Rejection,Finanstilsynet license denial,8%,Medium,2.1,Legal advisory and compliance prep - preliminary engagement established,125000,6,92%
Regulatory Change,New restrictive cryptocurrency laws,20%,Medium,2.4,Government relations and advocacy - active dialogue,85000,12,80%
GDPR Violation,Data protection compliance failure,10%,High,2.9,Privacy-by-design implementation,95000,4,90%
AML Compliance,Anti-money laundering violations,5%,Medium,2.2,Robust KYC systems and training - Ã˜kokrim preliminary contact,115000,8,95%

Technology Risks:
Security Breach,Customer data or wallet compromise,12%,High,3.2,Multi-layer security architecture,185000,6,88%
Recovery Failure,Technical inability to recover assets,20%,Medium,2.6,Advanced R&D and tool development,225000,18,75%
System Downtime,Service interruption and availability,18%,Low,1.8,Redundant infrastructure and backup,75000,3,92%
Obsolescence,Technology becoming outdated,30%,Medium,2.4,Continuous innovation and updates,150000,ongoing,80%

Market Risks:
Competition,Large players entering market,40%,Medium,2.2,Unique value proposition and partnerships,95000,12,70%
Market Decline,Cryptocurrency market crash,35%,High,2.9,Diversified service portfolio,65000,6,60%
Demand Shortage,Lower than expected customer demand,25%,Medium,2.5,Market education and awareness,125000,24,75%
Economic Recession,General economic downturn impact,20%,Medium,2.4,Conservative financial management,45000,ongoing,65%

Operational Risks:
Key Personnel,Loss of critical team members,22%,High,3.1,Competitive retention and succession,185000,12,82%
Scaling Issues,Inability to handle growth effectively,28%,Medium,2.3,Scalable processes and automation,145000,18,85%
Quality Control,Service delivery consistency problems,15%,Medium,2.7,Quality assurance and monitoring,85000,6,88%
Vendor Risk,Critical supplier or partner failure,18%,Medium,2.4,Multiple vendor relationships,65000,9,75%

Financial Risks:
Cash Flow,Working capital and liquidity issues,20%,High,3.2,Conservative cash management,75000,ongoing,80%
Customer Payment,Client payment delays or defaults,25%,Medium,2.5,Payment terms and credit checks,45000,3,85%
Cost Overrun,Operating expenses exceeding projections,30%,Medium,2.3,Detailed budgeting and monitoring,35000,ongoing,90%
Currency Risk,NOK/USD exchange rate fluctuations,40%,Low,1.6,Currency hedging strategies,25000,ongoing,70%

Legal Risks:
Liability Claims,Customer claims for failed recovery,18%,High,3.3,Professional liability insurance,95000,3,85%
Intellectual Property,Patent or trademark infringement,12%,Medium,2.6,IP audit and legal clearance,75000,6,90%
Contract Disputes,Customer or partner legal disputes,15%,Medium,2.7,Clear contracts and legal review,55000,ongoing,80%
Regulatory Investigation,Government investigation or audit,8%,High,3.0,Compliance documentation and legal support,125000,12,75%

Risk Mitigation Budget Summary:
High Priority Risks (Score > 3.0):
Total Mitigation Cost: $825000
Expected Risk Reduction: 85%
Implementation Timeline: 12 months average

Medium Priority Risks (Score 2.0-3.0):
Total Mitigation Cost: $1250000
Expected Risk Reduction: 75%
Implementation Timeline: 15 months average

Ongoing Risk Management:
Annual Risk Management Budget: $285000
Quarterly Risk Assessment Reviews: Required
Risk Management Staff: 2 FTE positions
Insurance Premium Annual: $145000

Risk Monitoring KPIs:
Security Incident Rate: < 0.1% monthly
Customer Satisfaction Score: > 4.2/5.0
Regulatory Compliance Score: > 95%
Financial Reserve Ratio: > 6 months operating costs
Staff Retention Rate: > 90% annual